epoch,loss,train_acc,val_acc,test_acc,f1_micro,f1_macro,att_entropy,model
1.0,3.8349945545196533,0.07505965406142444,0.13302459814087722,0.17459827582659507,0.17459827582659507,0.012740986855443526,,GCN
2.0,3.604444742202759,0.14823896812218912,0.2319540924192087,0.23274283480443594,0.23274283480443594,0.021240581828081244,,GCN
3.0,3.4387784004211426,0.24994227026313764,0.27202255109231854,0.23529411764705882,0.23529411764705882,0.018345294447252893,,GCN
4.0,3.324953079223633,0.2613892523724173,0.2637336823383335,0.22313437442133202,0.22313437442133202,0.01668238902632631,,GCN
5.0,3.2469420433044434,0.24342155903277948,0.21755763616228732,0.18595559944859372,0.18595559944859372,0.01597917735668499,,GCN
6.0,3.1915390491485596,0.24109037727757557,0.2117520722171885,0.1850297306750612,0.1850297306750612,0.019197520638406775,,GCN
7.0,3.1469268798828125,0.26906455834002263,0.2732306453236686,0.24309199020636585,0.24309199020636585,0.028442855808879442,,GCN
8.0,3.11456298828125,0.29644494782331404,0.33353468237189166,0.3004752793037467,0.3004752793037467,0.037362355652028875,,GCN
9.0,3.0918686389923096,0.304802014492913,0.34363569247290177,0.31214122585025617,0.31214122585025617,0.0425086519624673,,GCN
10.0,3.0683116912841797,0.303636423615311,0.32605120977214,0.2919572865872477,0.2919572865872477,0.04034617544836348,,GCN
11.0,3.0390372276306152,0.2949274804543605,0.31007751937984496,0.2766907392547785,0.2766907392547785,0.03691104909840714,,GCN
12.0,3.0123021602630615,0.2878789544869751,0.3046075371656767,0.2741806061354237,0.2741806061354237,0.03550271329278894,,GCN
13.0,2.9755496978759766,0.28802190431158664,0.31068156649552,0.2822253770343394,0.2822253770343394,0.036052736133964605,,GCN
14.0,2.9390275478363037,0.2963459825601214,0.32766200208060675,0.3019566693413987,0.3019566693413987,0.03913904024625574,,GCN
15.0,2.9096004962921143,0.30959633168757766,0.3528306319003993,0.3259881077299755,0.3259881077299755,0.04365746674305282,,GCN
16.0,2.8799662590026855,0.3231545727449665,0.3750125843149099,0.34703619118161433,0.34703619118161433,0.0480020237409164,,GCN
17.0,2.8506970405578613,0.332281369239397,0.3874291083593409,0.35779684381622534,0.35779684381622534,0.052247722630599916,,GCN
18.0,2.831671714782715,0.33901100713649507,0.39353669586227724,0.3623027385140835,0.3623027385140835,0.055275097970761154,,GCN
19.0,2.808335781097412,0.3457956257353669,0.39796637471056073,0.36450424870892745,0.36450424870892745,0.05850525844138347,,GCN
20.0,2.7825331687927246,0.35287714012381655,0.40464445115607905,0.368413472419398,0.368413472419398,0.06103556397202035,,GCN
21.0,2.7526302337646484,0.36016758117900616,0.40914124635054866,0.3730428162870605,0.3730428162870605,0.06347498360333689,,GCN
22.0,2.7299163341522217,0.36645737346191487,0.41461122856471694,0.37814538197230624,0.37814538197230624,0.06581684976212494,,GCN
23.0,2.708831548690796,0.37184548223573527,0.41924225645155877,0.38213690512931303,0.38213690512931303,0.06773159519204829,,GCN
24.0,2.68304443359375,0.3781792590800629,0.4229672136648881,0.38623130259449007,0.38623130259449007,0.07025070935461289,,GCN
25.0,2.6601226329803467,0.38319349908182226,0.42712842712842713,0.3892558072546962,0.3892558072546962,0.07232041221148038,,GCN
26.0,2.633575677871704,0.38926336855763627,0.4325312929964093,0.3914778923111742,0.3914778923111742,0.07515253372984435,,GCN
27.0,2.6146514415740967,0.394596496629683,0.4364240410752039,0.39297985721046025,0.39297985721046025,0.07819212601078214,,GCN
28.0,2.587985038757324,0.4004464432984023,0.4407530454042082,0.3944406723864782,0.3944406723864782,0.08051531108930006,,GCN
29.0,2.569746732711792,0.407483973125433,0.44481358434846807,0.39670390716622433,0.39670390716622433,0.08286452307770094,,GCN
30.0,2.5495262145996094,0.41400468435579113,0.4503171247357294,0.4019916466061766,0.4019916466061766,0.08565865612030892,,GCN
31.0,2.5311427116394043,0.4202614882176356,0.45561931608443235,0.406970763121618,0.406970763121618,0.08790096443375385,,GCN
32.0,2.505066394805908,0.42594649278103386,0.45910936608611025,0.4117647058823529,0.4117647058823529,0.09025361073453181,,GCN
33.0,2.4914567470550537,0.4303669412036375,0.46270009060706735,0.41596197765570025,0.41596197765570025,0.0922009310416568,,GCN
34.0,2.472848415374756,0.43424857874885914,0.46478069733883687,0.41806061354237395,0.41806061354237395,0.09381013348489776,,GCN
35.0,2.455942153930664,0.4376683783991819,0.46588811705090777,0.418101763265642,0.418101763265642,0.09534721763922042,,GCN
36.0,2.4315006732940674,0.44078028611957204,0.469009027148562,0.419192230932247,0.419192230932247,0.09724080109610486,,GCN
37.0,2.4190726280212402,0.4438702015592527,0.4704184704184704,0.41995350081270705,0.41995350081270705,0.09874787450689183,,GCN
38.0,2.404995918273926,0.44786180050802166,0.47357293868921774,0.42157891488179744,0.42157891488179744,0.10043218216388887,,GCN
39.0,2.386592149734497,0.4516444727900507,0.4768951978254304,0.4261465341645577,0.4261465341645577,0.10345226284003664,,GCN
40.0,2.378432273864746,0.456328828581168,0.4803181314809222,0.4297677098121515,0.4297677098121515,0.10658715112648673,,GCN
41.0,2.3607988357543945,0.4606063271791601,0.48330480888620425,0.43242186696294466,0.43242186696294466,0.10909505158589497,,GCN
42.0,2.3487887382507324,0.46403712296983757,0.48508339206013623,0.434397053679814,0.434397053679814,0.11159364119024892,,GCN
43.0,2.332777261734009,0.46684113876029515,0.48669418436860296,0.4348497006357632,0.4348497006357632,0.11329882188615263,,GCN
44.0,2.320485830307007,0.46938124718223906,0.4893788382160475,0.4356109705162233,0.4356109705162233,0.11592896884105879,,GCN
45.0,2.3089582920074463,0.4710196720950946,0.49105674687070033,0.4358167191325638,0.4358167191325638,0.11794410981191225,,GCN
46.0,2.296144723892212,0.4735927689381027,0.4917950266787476,0.43742155834002017,0.43742155834002017,0.1204328237486755,,GCN
47.0,2.2843244075775146,0.4761878580618203,0.49380851706433104,0.44028146410715385,0.44028146410715385,0.12269078406675915,,GCN
48.0,2.272475242614746,0.47831011315028427,0.4951508439880533,0.4420303273460486,0.4420303273460486,0.1246519422971883,,GCN
49.0,2.2639193534851074,0.480564321923005,0.49672807812342695,0.44375861572330927,0.44375861572330927,0.12713388854828903,,GCN
50.0,2.2537379264831543,0.48308243806423945,0.49880868485519647,0.4450754068678888,0.4450754068678888,0.1301902225420562,,GCN
51.0,2.2426164150238037,0.485512585082636,0.4999832209134535,0.4464950723206386,0.4464950723206386,0.13342088206599478,,GCN
52.0,2.2389938831329346,0.48822863175025566,0.5018289204335716,0.44834680986770364,0.44834680986770364,0.13563896325304933,,GCN
53.0,2.2224342823028564,0.4899440296455944,0.5031712473572939,0.44980762504372157,0.44980762504372157,0.13769392327749624,,GCN
54.0,2.215205430984497,0.4919233349094468,0.5054532031276218,0.4515976380058844,0.4515976380058844,0.1395396342698884,,GCN
55.0,2.2023184299468994,0.4941555514014581,0.5076009262055774,0.45431351974157974,0.45431351974157974,0.14210077255511128,,GCN
56.0,2.189509868621826,0.4963437833320504,0.5092117185140441,0.45550686171635496,0.45550686171635496,0.1449789160317189,,GCN
57.0,2.1888368129730225,0.49882891105222066,0.5107218363032316,0.4571734255087134,0.4571734255087134,0.14675253286308254,,GCN
58.0,2.185497283935547,0.5013470271934551,0.5132386992852109,0.45801699483570973,0.45801699483570973,0.14885593726660926,,GCN
59.0,2.172161102294922,0.5041510429839127,0.5140776536125373,0.4593337859802893,0.4593337859802893,0.15089445293847775,,GCN
60.0,2.175590753555298,0.5064382401776977,0.5167287492868888,0.4609797749110137,0.4609797749110137,0.15324590885541475,,GCN
61.0,2.154141426086426,0.5082855917572932,0.5188093560186583,0.46190564368454623,0.46190564368454623,0.15433031262937433,,GCN
62.0,2.149787425994873,0.5094291903541857,0.5198496593845431,0.4630372610744193,0.4630372610744193,0.15519589723668034,,GCN
63.0,2.1436550617218018,0.5105947812317877,0.5201516829423806,0.46402485443285396,0.46402485443285396,0.15577038178912145,,GCN
64.0,2.14141845703125,0.5117383798286801,0.5212926608275446,0.46421002818756046,0.46421002818756046,0.15642634763956675,,GCN
65.0,2.1328368186950684,0.5134977622854379,0.5230041276552905,0.46597946628808923,0.46597946628808923,0.15826909851221632,,GCN
66.0,2.1268796920776367,0.515026225794746,0.523306151213128,0.4664526881056725,0.4664526881056725,0.15994297414794686,,GCN
67.0,2.12030029296875,0.5159279093038344,0.5239773146749891,0.4668436104767195,0.4668436104767195,0.16068412339401644,,GCN
68.0,2.1177241802215576,0.5164337317601522,0.5247491526561294,0.46688476019998765,0.46688476019998765,0.16259694592142176,,GCN
69.0,2.1128616333007812,0.5179511991291057,0.5246149199637572,0.467399131740839,0.467399131740839,0.16358623886063478,,GCN
70.0,2.102602243423462,0.5189848363224508,0.5254874324641766,0.4683455753760056,0.4683455753760056,0.16433049392951013,,GCN
71.0,2.0992138385772705,0.5201724194807622,0.5270982247726433,0.4704236364010452,0.4704236364010452,0.16521481369911634,,GCN
72.0,2.091996908187866,0.521349006498719,0.5280714117923421,0.4710203073884328,0.4710203073884328,0.16603416078754685,,GCN
73.0,2.0858852863311768,0.5225255935166756,0.5282392026578073,0.4709997325267988,0.4709997325267988,0.1674608541539567,,GCN
74.0,2.0807077884674072,0.5234492693064734,0.5285076680425518,0.47003271402999813,0.47003271402999813,0.16826381443655639,,GCN
75.0,2.077613592147827,0.5243949373769807,0.5290110406389477,0.4699298397218279,0.4699298397218279,0.16859273843910233,,GCN
76.0,2.077648162841797,0.525417578429971,0.5295815295815296,0.4707939839104582,0.4707939839104582,0.1688649413829312,,GCN
77.0,2.069525718688965,0.5261873082548025,0.5303198093895768,0.47174042754562473,0.47174042754562473,0.16948617182402365,,GCN
78.0,2.0670859813690186,0.5268140882550225,0.5311252055438102,0.4727485957656935,0.4727485957656935,0.1704300761600449,,GCN
79.0,2.0639309883117676,0.5275178412377256,0.5313601127554616,0.4732629673065449,0.4732629673065449,0.17146200139352105,,GCN
80.0,2.05771541595459,0.5284415170275233,0.5321655089096949,0.47385963829393246,0.47385963829393246,0.17265056186205277,,GCN
81.0,2.054135799407959,0.5298380268525748,0.5329709050639283,0.47404481204863896,0.47404481204863896,0.17314017622497999,,GCN
82.0,2.048173666000366,0.5305087914142136,0.5338434175643478,0.4744563092813201,0.4744563092813201,0.17400708602573003,,GCN
83.0,2.043792486190796,0.531366490361883,0.5347159300647673,0.474785507067465,0.474785507067465,0.17463923637138007,,GCN
84.0,2.04124116897583,0.5321472163270692,0.5355548843920936,0.47511470485360985,0.47511470485360985,0.17506566401435586,,GCN
85.0,2.0384323596954346,0.5331588612397049,0.5361253733346757,0.4757319507026315,0.4757319507026315,0.17613045545502745,,GCN
86.0,2.0333993434906006,0.533818629660989,0.537501258431491,0.4771721910170154,0.4771721910170154,0.17671814258400015,,GCN
87.0,2.0284721851348877,0.5344344135208542,0.5377697238162354,0.47890047939427605,0.47890047939427605,0.17782849175868914,,GCN
88.0,2.0259320735931396,0.534940235977172,0.5377697238162354,0.47789231117420733,0.47789231117420733,0.17899026106471388,,GCN
89.0,2.030977249145508,0.5354900429949088,0.5376354911238632,0.4768635680925046,0.4768635680925046,0.18107373470819352,,GCN
90.0,2.0153160095214844,0.5361388152758382,0.536930769488909,0.4767195440610662,0.4767195440610662,0.18176816579533592,,GCN
91.0,2.0191943645477295,0.5367765914164129,0.5373670257391188,0.47789231117420733,0.47789231117420733,0.1826271517500641,,GCN
92.0,2.0182182788848877,0.5377442517676295,0.5386086781435618,0.479990947060881,0.479990947060881,0.18325053314407874,,GCN
93.0,2.0142526626586914,0.5386019507152989,0.5398167723749119,0.4814311873752649,0.4814311873752649,0.1841753965026358,,GCN
94.0,2.009652853012085,0.5391737500137451,0.5397496560287258,0.4812048638972903,0.4812048638972903,0.18450519081118005,,GCN
95.0,2.0066232681274414,0.539470645803323,0.5393805161247022,0.4801761208155875,0.4801761208155875,0.18464626642184495,,GCN
96.0,2.0126965045928955,0.5395806072068704,0.5387429108359341,0.47966174927473615,0.47966174927473615,0.18489433345627843,,GCN
97.0,2.006070137023926,0.5398555107157388,0.5397832142018189,0.4797851984445405,0.4797851984445405,0.18526736249611836,,GCN
98.0,2.0015692710876465,0.5406802212423439,0.5405886103560522,0.4818015348846779,0.4818015348846779,0.18681663815661675,,GCN
99.0,2.00067400932312,0.5411530552775976,0.5413604483371925,0.4830566014443553,0.4830566014443553,0.18737932105163296,,GCN
100.0,1.992396354675293,0.5420657349270406,0.5413940065102856,0.4834269489537683,0.4834269489537683,0.18821964970064994,,GCN
101.0,1.9951717853546143,0.5427035110676153,0.5403872613174939,0.48104026500421787,0.48104026500421787,0.18747805464422046,,GCN
102.0,1.991927146911621,0.5431543528221594,0.5407228430484244,0.48019669567722156,0.48019669567722156,0.1879999212723772,,GCN
103.0,1.990581750869751,0.5429894107168384,0.540420819490587,0.48034071970865994,0.48034071970865994,0.18814356932108894,,GCN
104.0,1.987892746925354,0.5432863065064163,0.5413268901640995,0.48190440919284816,0.48190440919284816,0.1888830899420159,,GCN
105.0,1.9808419942855835,0.5440560363312478,0.5425685425685426,0.484435117173837,0.484435117173837,0.1906004928669153,,GCN
106.0,1.978731632232666,0.5449797121210456,0.5439444276653579,0.4856901837335144,0.4856901837335144,0.19175573810639443,,GCN
107.0,1.9828498363494873,0.5454415500159444,0.5431390315111245,0.4849494887146884,0.4849494887146884,0.19199404316797578,,GCN
108.0,1.9792522192001343,0.5460683300161643,0.5421994026645189,0.48299487685945314,0.48299487685945314,0.19153372861534734,,GCN
109.0,1.9827394485473633,0.5460793261565191,0.5423671935299842,0.4823982058720655,0.4823982058720655,0.19150730427612506,,GCN
110.0,1.9710946083068848,0.5458594033494244,0.5431390315111245,0.48352982326193855,0.48352982326193855,0.19185656817577207,,GCN
111.0,1.9718313217163086,0.5458374110687149,0.5435752877613342,0.48542271053227165,0.48542271053227165,0.19250812338371856,,GCN
112.0,1.9692720174789429,0.5463432335250327,0.5452196382428941,0.4875624961422134,0.4875624961422134,0.19384541060540023,,GCN
113.0,1.970495581626892,0.546497179489999,0.5452867545890802,0.48696582515482584,0.48696582515482584,0.19394926540306318,,GCN
114.0,1.9709184169769287,0.5468820444024147,0.5452196382428941,0.48464086579017757,0.48464086579017757,0.19305558996993283,,GCN
115.0,1.9696977138519287,0.5475418128236988,0.5443806839155676,0.48344752381540235,0.48344752381540235,0.19335691133354965,,GCN
116.0,1.962849497795105,0.5479266777361146,0.5450518473774287,0.48451741662037323,0.48451741662037323,0.1940645041110469,,GCN
117.0,1.971523642539978,0.548366523350304,0.5456558944931038,0.48634857930580416,0.48634857930580416,0.1954234917736784,,GCN
118.0,1.9654213190078735,0.5482345696660472,0.545756569012383,0.4869246754315577,0.4869246754315577,0.19568596288296142,,GCN
119.0,1.9594409465789795,0.5489273265083956,0.5460250343971275,0.48723329835606854,0.48723329835606854,0.19612662110722387,,GCN
120.0,1.9639344215393066,0.5492462145786828,0.5462934997818719,0.48706869946299614,0.48706869946299614,0.19635304061301956,,GCN
121.0,1.9606245756149292,0.549323187561166,0.5459579180509413,0.4859576569347571,0.4859576569347571,0.196042473937797,,GCN
122.0,1.955440878868103,0.5498949868596122,0.546394174301151,0.4858753574882209,0.4858753574882209,0.19647547408765378,,GCN
123.0,1.9588924646377563,0.5503568247545112,0.5471995704553844,0.48659547764541283,0.48659547764541283,0.19699847729520115,,GCN
124.0,1.9570846557617188,0.5501698903684806,0.546964663243733,0.4874596218340432,0.4874596218340432,0.19686125741025393,,GCN
125.0,1.9518071413040161,0.5500159444035143,0.5471995704553844,0.4880357179597967,0.4880357179597967,0.1968609098759549,,GCN
126.0,1.9582550525665283,0.5504008093159302,0.5477365012248733,0.48778881962018805,0.48778881962018805,0.1968351325514747,,GCN
127.0,1.9487627744674683,0.5507306935265722,0.5477029430517802,0.4874801966956772,0.4874801966956772,0.19739294735374263,,GCN
128.0,1.956085205078125,0.550697705105508,0.5469982214168261,0.4863280044441701,0.4863280044441701,0.1982479198885279,,GCN
129.0,1.9463216066360474,0.5513794658075015,0.5468639887244539,0.4871098491862642,0.4871098491862642,0.19874213361592177,,GCN
130.0,1.95001220703125,0.5516543693163699,0.5477365012248733,0.488138592267967,0.488138592267967,0.19958189244968313,,GCN
131.0,1.9449210166931152,0.5520502303691405,0.5490452699755025,0.4898257309219595,0.4898257309219595,0.2005982088808364,,GCN
132.0,1.9497085809707642,0.5526770103693603,0.549313735360247,0.48933193424274224,0.48933193424274224,0.20054406002208974,,GCN
133.0,1.9469317197799683,0.5522921454569446,0.5485418973791066,0.48824146657613726,0.48824146657613726,0.19960410542264814,,GCN
134.0,1.9436217546463013,0.5516323770356605,0.5478707339172455,0.487768244758554,0.487768244758554,0.19947468555359296,,GCN
135.0,1.9443957805633545,0.5513574735267921,0.547568710359408,0.4875830710038475,0.4875830710038475,0.19902552086234843,,GCN
136.0,1.9389184713363647,0.5524131030008467,0.5483405483405484,0.48830319116103943,0.48830319116103943,0.19968841376872565,,GCN
137.0,1.9441231489181519,0.5531388482642593,0.5488439209369442,0.4892084850729379,0.4892084850729379,0.20014496626676653,,GCN
138.0,1.94171941280365,0.5537656282644792,0.5494479680526192,0.4893936588276444,0.4893936588276444,0.20113844360488464,,GCN
139.0,1.9381510019302368,0.5539085780890908,0.5491459444947817,0.48877641297862273,0.48877641297862273,0.20119608346785225,,GCN
140.0,1.943721890449524,0.5538206089662528,0.5497164334373636,0.48949653313581465,0.48949653313581465,0.20177626024228879,,GCN
141.0,1.9355186223983765,0.553149844404614,0.5498842243028289,0.49019607843137253,0.49019607843137253,0.20184463658216661,,GCN
142.0,1.9350191354751587,0.553193828966033,0.5508238531494345,0.49038125218607903,0.49038125218607903,0.20144460885698273,,GCN
143.0,1.9382860660552979,0.5537216437030602,0.550488271418504,0.49079274941876017,0.49079274941876017,0.20167704817034565,,GCN
144.0,1.934790849685669,0.5547552808964054,0.5494144098795262,0.4893730839660103,0.4893730839660103,0.20224398635682705,,GCN
145.0,1.9307156801223755,0.5552940917737874,0.5488439209369442,0.4883854906075757,0.4883854906075757,0.20318497502712915,,GCN
146.0,1.9328855276107788,0.5546673117735674,0.5492801771871539,0.48848836491574593,0.48848836491574593,0.2034010809872135,,GCN
147.0,1.9324510097503662,0.5546563156332127,0.550488271418504,0.49042240190934716,0.49042240190934716,0.20340012538921806,,GCN
148.0,1.928990364074707,0.5543484237032802,0.5511594348803651,0.49159516902248834,0.49159516902248834,0.20394577276572642,,GCN
149.0,1.9244471788406372,0.5544583851068275,0.5512265512265512,0.4916363187457564,0.4916363187457564,0.20390412367008182,,GCN
150.0,1.9349364042282104,0.5549532114227906,0.5513272257458304,0.49048412649424933,0.49048412649424933,0.2036465867561456,,GCN
151.0,1.9239075183868408,0.5553820608966252,0.5501191315144803,0.48912618562640164,0.48912618562640164,0.20396941767459484,,GCN
152.0,1.9263439178466797,0.5557449335283315,0.5503540387261318,0.4888175627018908,0.4888175627018908,0.20373714848228713,,GCN
153.0,1.9281156063079834,0.5556459682651389,0.5515621329574818,0.49056642594078553,0.49056642594078553,0.20348497257121217,,GCN
154.0,1.927583932876587,0.55560198370372,0.5518641565153193,0.4925416126576549,0.4925416126576549,0.20377476158913757,,GCN
155.0,1.9251714944839478,0.5554700300194632,0.5520655055538777,0.49301483447523814,0.49301483447523814,0.20460947430230805,,GCN
156.0,1.924009919166565,0.5563717135285515,0.551662807476761,0.49186264222373105,0.49186264222373105,0.20574248554045918,,GCN
157.0,1.9240553379058838,0.5567785707216767,0.5506896204570623,0.49031952760117686,0.49031952760117686,0.20656888847664412,,GCN
158.0,1.9218991994857788,0.5570424780901904,0.55055538776469,0.48994918009176386,0.48994918009176386,0.20646663622838762,,GCN
159.0,1.9247231483459473,0.5568335514234504,0.5516292493036679,0.49157459416085425,0.49157459416085425,0.20675281631617085,,GCN
160.0,1.9227182865142822,0.5564376903706799,0.5526359944964596,0.4931382836450425,0.4931382836450425,0.20681076014069336,,GCN
161.0,1.9171549081802368,0.5566576131777746,0.5530386925735763,0.4945167993745242,0.4945167993745242,0.20686351862384145,,GCN
162.0,1.9173928499221802,0.5569105244059335,0.5527366690157388,0.4919037919469992,0.4919037919469992,0.20696843855405436,,GCN
163.0,1.9157828092575073,0.5572843931779945,0.5505889459377832,0.4878505442050902,0.4878505442050902,0.2064195387323827,,GCN
164.0,1.9113601446151733,0.5579331654589239,0.5508909694956207,0.48898216159496327,0.48898216159496327,0.2066406361339645,,GCN
165.0,1.9147756099700928,0.5582410573888565,0.5521326219000637,0.4920683908400716,0.4920683908400716,0.207395706923673,,GCN
166.0,1.910503625869751,0.5573503700201229,0.5531729252659485,0.4936115054626258,0.4936115054626258,0.20719846949006424,,GCN
167.0,1.9175219535827637,0.5566686093181293,0.5536427396892513,0.49297368475197006,0.49297368475197006,0.20759670498063815,,GCN
168.0,1.9138132333755493,0.5572733970376398,0.5523339709386221,0.49130712095961154,0.49130712095961154,0.20708648810459546,,GCN
169.0,1.905811071395874,0.5578012117746671,0.5520655055538777,0.4902166532930066,0.4902166532930066,0.20726322168030692,,GCN
170.0,1.914717197418213,0.5581200998449545,0.5527702271888318,0.4909161985885645,0.4909161985885645,0.2081193124682316,,GCN
171.0,1.9117951393127441,0.5580981075642449,0.5529715762273901,0.49178034277719485,0.49178034277719485,0.20831448348322681,,GCN
172.0,1.9077173471450806,0.5585269570380796,0.5529380180542971,0.4928913853054338,0.4928913853054338,0.20754308254647,,GCN
173.0,1.9088492393493652,0.5584939686170154,0.5533071579583207,0.4934469065695533,0.4934469065695533,0.20736803998570377,,GCN
174.0,1.9130138158798218,0.5581530882660186,0.5530722507466693,0.4918832170853651,0.4918832170853651,0.20766809515756438,,GCN
175.0,1.909900188446045,0.5585269570380796,0.5527031108426457,0.4915128695759521,0.4915128695759521,0.20800062534014088,,GCN
176.0,1.9081835746765137,0.5587138914241101,0.5529380180542971,0.49241816348785056,0.49241816348785056,0.20840431425890227,,GCN
177.0,1.9149130582809448,0.5590767640558164,0.5536427396892513,0.49297368475197006,0.49297368475197006,0.20819578664586488,,GCN
178.0,1.910414457321167,0.5590437756347522,0.5533407161314138,0.4931794333683106,0.4931794333683106,0.20811611532824928,,GCN
179.0,1.9086939096450806,0.5586149261609176,0.5533742743045068,0.49175976791556075,0.49175976791556075,0.20719705061692245,,GCN
180.0,1.9062601327896118,0.5584829724766607,0.5523339709386221,0.4902166532930066,0.4902166532930066,0.207835252583889,,GCN
181.0,1.9052847623825073,0.5583510187924039,0.5518641565153193,0.48968170689052115,0.48968170689052115,0.20830764965200066,,GCN
182.0,1.9045696258544922,0.5585159608977249,0.5528037853619249,0.4920683908400716,0.4920683908400716,0.20926206085607618,,GCN
183.0,1.9012736082077026,0.5591097524768807,0.554582368535857,0.49548381787132484,0.49548381787132484,0.21007151069543123,,GCN
184.0,1.8978451490402222,0.559219713880428,0.5551192993053459,0.4958747402423719,0.4958747402423719,0.2105204911816548,,GCN
185.0,1.9066288471221924,0.5589668026522691,0.5537434142085305,0.4923358640413143,0.4923358640413143,0.20914586120341302,,GCN
186.0,1.9071872234344482,0.5588678373890764,0.5523339709386221,0.48933193424274224,0.48933193424274224,0.2084009332963468,,GCN
187.0,1.9008620977401733,0.5595386019507153,0.5524682036309944,0.4902578030162747,0.4902578030162747,0.2089245789069009,,GCN
188.0,1.902438998222351,0.5595935826524889,0.5536762978623444,0.4924798880727527,0.4924798880727527,0.20970087975509083,,GCN
189.0,1.9015802145004272,0.5587578759855291,0.5543139031511125,0.4945373742361583,0.4945373742361583,0.20991928785084682,,GCN
190.0,1.9053237438201904,0.5590877601961711,0.5549850666129736,0.4945167993745242,0.4945167993745242,0.20997970567187738,,GCN
191.0,1.8987962007522583,0.5592087177400732,0.5532735997852277,0.4923564389029484,0.4923564389029484,0.20903957735016115,,GCN
192.0,1.9027310609817505,0.559010787213688,0.5517970401691332,0.4902166532930066,0.4902166532930066,0.2084891667928673,,GCN
193.0,1.9006508588790894,0.5591867254593638,0.5526024363233666,0.4904018270477131,0.4904018270477131,0.20997699741957598,,GCN
194.0,1.899968147277832,0.5596925479156816,0.5539112050739958,0.49297368475197006,0.49297368475197006,0.21086782483611702,,GCN
195.0,1.8999121189117432,0.5596705556349721,0.5550186247860667,0.49523691953171617,0.49523691953171617,0.21086082508307896,,GCN
196.0,1.8930468559265137,0.5598684861613573,0.5547837175744152,0.49441392506635395,0.49441392506635395,0.21068219216039238,,GCN
197.0,1.8950607776641846,0.5591647331786543,0.5539447632470889,0.4919037919469992,0.4919037919469992,0.2097263031944446,,GCN
198.0,1.9025590419769287,0.5595825865121342,0.5530386925735763,0.49097792317346667,0.49097792317346667,0.20985897228619485,,GCN
199.0,1.8960986137390137,0.5601983703719994,0.5537769723816235,0.4919243668086332,0.4919243668086332,0.21020097931868298,,GCN
200.0,1.8986046314239502,0.5608031580915099,0.5551192993053459,0.49542209328642267,0.49542209328642267,0.21129412655113572,,GCN
1.0,3.8397796154022217,0.08772720775007972,0.04708211684955871,0.04493549780877724,0.04493549780877724,0.010403292612210796,13.059589385986328,GAT
2.0,3.6728923320770264,0.1794350183085737,0.07758649619114735,0.061765734625434644,0.061765734625434644,0.0038447597708564803,13.059616565704346,GAT
3.0,3.5521726608276367,0.1791601147997053,0.0766133091714487,0.05923502664444582,0.05923502664444582,0.0029408045573859807,13.05955982208252,GAT
4.0,3.4786791801452637,0.1791931032207695,0.07678110003691399,0.059708248462029094,0.059708248462029094,0.0030447906007334295,13.059519290924072,GAT
5.0,3.4344592094421387,0.17973191409815154,0.078559683210846,0.06339114869452503,0.06339114869452503,0.0039024303975004004,13.059610843658447,GAT
6.0,3.392817497253418,0.18316270988882902,0.08966743850464781,0.08217599736641772,0.08217599736641772,0.007438945934532745,13.059813022613525,GAT
7.0,3.3531038761138916,0.20539690568610416,0.1445350515117957,0.13167911445795527,0.13167911445795527,0.013077371891052663,13.060083389282227,GAT
8.0,3.3158559799194336,0.2490625790347588,0.22322896741501394,0.18992654774396642,0.18992654774396642,0.01674561227674471,13.060347080230713,GAT
9.0,3.280778169631958,0.2648640327245137,0.25950535252860835,0.218319856798963,0.218319856798963,0.01938617613404714,13.060611248016357,GAT
10.0,3.2463362216949463,0.27068099097216874,0.2717876438806671,0.23078822294920068,0.23078822294920068,0.0216561629279379,13.061142921447754,GAT
11.0,3.220691442489624,0.27390286009610626,0.2778952313836035,0.23887414357138448,0.23887414357138448,0.024327173245433015,13.061258316040039,GAT
12.0,3.195131301879883,0.27656392606195224,0.28242558475116614,0.24531407526284385,0.24531407526284385,0.027161751933293243,13.061269283294678,GAT
13.0,3.1779048442840576,0.278444266062612,0.2859491929259371,0.25025204205501717,0.25025204205501717,0.028675969157113422,13.06126356124878,GAT
14.0,3.14778995513916,0.2801266755368865,0.2892043357159636,0.25457276299816883,0.25457276299816883,0.029342546690038808,13.061248779296875,GAT
15.0,3.128385066986084,0.28183107729187057,0.29259371119836236,0.2577001419665453,0.2577001419665453,0.02918244776649153,13.061224460601807,GAT
16.0,3.1054489612579346,0.28333754852046933,0.2952783650458069,0.26101269468962823,0.26101269468962823,0.029413331427823715,13.06119155883789,GAT
17.0,3.0842785835266113,0.2850859348368723,0.2977616698546931,0.26391375018003005,0.26391375018003005,0.03045442518962031,13.061150550842285,GAT
18.0,3.0669689178466797,0.28729615904817407,0.30091613812544044,0.2677200995823303,0.2677200995823303,0.031773971698205526,13.061097145080566,GAT
19.0,3.041781187057495,0.29158465378652093,0.30447330447330445,0.2728226652675761,0.2728226652675761,0.0342395972089302,13.061034679412842,GAT
20.0,3.024731397628784,0.29856720291177796,0.308902983321588,0.27856305166347756,0.27856305166347756,0.036926036121753186,13.060962677001953,GAT
21.0,3.0041544437408447,0.30704522712527904,0.3162522232289674,0.2863197744995165,0.2863197744995165,0.04079720290658072,13.06088924407959,GAT
22.0,2.979863405227661,0.3166008730935442,0.32454109198295245,0.2963397321153015,0.2963397321153015,0.046291420438966835,13.06081247329712,GAT
23.0,2.9652724266052246,0.32726712923763757,0.33417228766065976,0.30784107976873853,0.30784107976873853,0.05238065909079674,13.060737133026123,GAT
24.0,2.9427103996276855,0.33731760152186585,0.34427329776166987,0.3186840318498858,0.3186840318498858,0.05720090061541244,13.060659408569336,GAT
25.0,2.926199436187744,0.34558669906862693,0.3544414242088661,0.32831306709462377,0.32831306709462377,0.061291468967534145,13.060566425323486,GAT
26.0,2.9092090129852295,0.35265721731672184,0.36360280546327056,0.336172664238833,0.336172664238833,0.06418778878136203,13.060450553894043,GAT
27.0,2.8942184448242188,0.3586391176696979,0.3710527198899292,0.34308581774787567,0.34308581774787567,0.06716511272804344,13.060317993164062,GAT
28.0,2.87180757522583,0.3639612496013899,0.37947582133628643,0.3498137975022118,0.3498137975022118,0.06989567019543755,13.060158729553223,GAT
29.0,2.8595354557037354,0.3702070573228797,0.38766401557099234,0.35717959796720367,0.35717959796720367,0.07263215453476345,13.059986114501953,GAT
30.0,2.841808319091797,0.37781638644835663,0.3959193261518843,0.36458654815546365,0.36458654815546365,0.07561950001247944,13.059814453125,GAT
31.0,2.8216114044189453,0.3849308892578705,0.4048458001946374,0.37244614529967285,0.37244614529967285,0.07911102362615294,13.05961799621582,GAT
32.0,2.8112707138061523,0.3922323264534148,0.412866203563878,0.38007941896590747,0.38007941896590747,0.08289738870348952,13.059405326843262,GAT
33.0,2.7965238094329834,0.39957774821037817,0.4198798617403269,0.3879595909717507,0.3879595909717507,0.0871140204117642,13.059170722961426,GAT
34.0,2.7761240005493164,0.4063293783881857,0.427061310782241,0.3959632121473983,0.3959632121473983,0.0909587224633382,13.058929920196533,GAT
35.0,2.771778106689453,0.41278411277641547,0.43310178193899124,0.40166244882003166,0.40166244882003166,0.09535291623746812,13.058678150177002,GAT
36.0,2.756936550140381,0.4178973180413675,0.43860532232625254,0.4051807501594552,0.4051807501594552,0.09890548503587335,13.058421611785889,GAT
37.0,2.745147705078125,0.422614662253549,0.4409879526158596,0.4071147871530564,0.4071147871530564,0.10228504583183809,13.058155059814453,GAT
38.0,2.724106788635254,0.4258915120792602,0.4433370247323736,0.4081641050963932,0.4081641050963932,0.10548835071226711,13.057873249053955,GAT
39.0,2.723184108734131,0.4290913889224882,0.44608879492600423,0.4099746929201901,0.4099746929201901,0.10867337649610556,13.057580471038818,GAT
40.0,2.7055816650390625,0.43207134295862154,0.44957884492768213,0.4121350533917659,0.4121350533917659,0.11096237243028333,13.05726957321167,GAT
41.0,2.6987080574035645,0.4357440538371032,0.45330380214101146,0.4154681809764829,0.4154681809764829,0.11393210961204092,13.05696153640747,GAT
42.0,2.68326997756958,0.4399335833122574,0.45766636464310884,0.4192333806555151,0.4192333806555151,0.11802933954248736,13.056648254394531,GAT
43.0,2.6744284629821777,0.4448378619104694,0.46273364878016043,0.4241507725860544,0.4241507725860544,0.12076067907048242,13.056332111358643,GAT
44.0,2.6640543937683105,0.4500170440175498,0.4689419108023759,0.42933563771783634,0.42933563771783634,0.12400241017224926,13.056024551391602,GAT
45.0,2.6539313793182373,0.45550411805456287,0.47421054397798584,0.43474682632759293,0.43474682632759293,0.12708005716066526,13.055720329284668,GAT
46.0,2.6495182514190674,0.46002353174035915,0.4781368502298735,0.43840915169845485,0.43840915169845485,0.13022994608511543,13.055424690246582,GAT
47.0,2.63883376121521,0.46375122332061447,0.4814255511929931,0.4415982552517334,0.4415982552517334,0.1332625174279342,13.055140495300293,GAT
48.0,2.635423421859741,0.4670170770059709,0.4838752978287862,0.4434088430755303,0.4434088430755303,0.1364159198809923,13.054882049560547,GAT
49.0,2.631087303161621,0.4703269152527463,0.4859223463874627,0.44589840133325104,0.44589840133325104,0.13842006819698846,13.054637432098389,GAT
50.0,2.614875078201294,0.4722842282358892,0.48655995167623073,0.44600127564142134,0.44600127564142134,0.13990006962078963,13.054378509521484,GAT
51.0,2.6058061122894287,0.4740216184119374,0.4880365112923252,0.44583667674834887,0.44583667674834887,0.14016631443479458,13.054117679595947,GAT
52.0,2.6102616786956787,0.4758139892897593,0.4895130709084197,0.4466802460753451,0.4466802460753451,0.14148864849135748,13.05386209487915,GAT
53.0,2.5990893840789795,0.47744141806226015,0.4909896305245142,0.44752381540234143,0.44752381540234143,0.14302673791517223,13.053622245788574,GAT
54.0,2.584886312484741,0.4797176191156904,0.4936742843719588,0.4489640557167253,0.4489640557167253,0.1437018511244814,13.05341911315918,GAT
55.0,2.587050199508667,0.48221374297621533,0.49622470552703113,0.45139188938954383,0.45139188938954383,0.1441661036462185,13.053252220153809,GAT
56.0,2.5776641368865967,0.4846768784156761,0.4989764757206618,0.45394317223216674,0.45394317223216674,0.14564522409343897,13.053104877471924,GAT
57.0,2.573732852935791,0.48731595210081263,0.5010570824524313,0.45556858630125713,0.45556858630125713,0.14668431830591622,13.052987098693848,GAT
58.0,2.5700666904449463,0.4899880142070133,0.50323836370348,0.4569059523074707,0.4569059523074707,0.1477593154843328,13.052904605865479,GAT
59.0,2.5580341815948486,0.4916484314005784,0.5054532031276218,0.4585930909614633,0.4585930909614633,0.14877902978981625,13.052821159362793,GAT
60.0,2.562363862991333,0.49293497982208245,0.5069297627437163,0.4604859782317964,0.4604859782317964,0.15032534575156298,13.052753448486328,GAT
61.0,2.5475239753723145,0.49367172122584974,0.5079029497634149,0.4629549616278831,0.4629549616278831,0.15162155535783015,13.052667617797852,GAT
62.0,2.547239303588867,0.49389164403294444,0.5087754622638344,0.4648272740365821,0.4648272740365821,0.15234306594393274,13.052576541900635,GAT
63.0,2.549957036972046,0.495156200173739,0.5101513473606497,0.46591774170318706,0.46591774170318706,0.1526230419601417,13.05252456665039,GAT
64.0,2.542130947113037,0.49675064052517565,0.5115943488036512,0.46744028146410715,0.46744028146410715,0.15357839316234081,13.052497863769531,GAT
65.0,2.537698268890381,0.4984770345608691,0.5142790026510957,0.4678517786967883,0.4678517786967883,0.1541017414760169,13.052496433258057,GAT
66.0,2.529994010925293,0.5004673359650763,0.5166616329407027,0.46859247371561424,0.46859247371561424,0.1547995531132469,13.05252742767334,GAT
67.0,2.5319571495056152,0.501852849649773,0.5177690526527736,0.4690862703948316,0.4690862703948316,0.15564775896233018,13.052562236785889,GAT
68.0,2.524937391281128,0.5023806643868002,0.5173663545756569,0.46995041458346193,0.46995041458346193,0.1562090797340852,13.05259084701538,GAT
69.0,2.522542953491211,0.5032493594748243,0.5176683781334944,0.47067053474065385,0.47067053474065385,0.15684705248372896,13.052623748779297,GAT
70.0,2.5135090351104736,0.5033593208783717,0.5175005872680292,0.47104088225006685,0.47104088225006685,0.15751757291998775,13.052619457244873,GAT
71.0,2.5137269496917725,0.5042280159663958,0.5179704016913319,0.47124663086640745,0.47124663086640745,0.1583684250787095,13.052631378173828,GAT
72.0,2.5093178749084473,0.5054485875457715,0.518574448807007,0.4715552537909183,0.4715552537909183,0.1589062836882264,13.052645683288574,GAT
73.0,2.5028982162475586,0.5066801552655018,0.5208228464042417,0.47311894327510645,0.47311894327510645,0.159853966833044,13.052692413330078,GAT
74.0,2.504587173461914,0.508131645792327,0.522735662270546,0.47431228524988167,0.47431228524988167,0.16043388039828882,13.05275583267212,GAT
75.0,2.499318838119507,0.5093522173717026,0.5242457800597335,0.47451803386622227,0.47451803386622227,0.16099841273941062,13.052828788757324,GAT
76.0,2.498065233230591,0.5098800321087298,0.5247827108292225,0.4752793037466823,0.4752793037466823,0.1617905931445657,13.052883625030518,GAT
77.0,2.484034299850464,0.5107157387756898,0.5251518507332461,0.47618459765858073,0.47618459765858073,0.16247014663779225,13.05294942855835,GAT
78.0,2.490208148956299,0.5111555843898792,0.5255209906372698,0.4775013888031603,0.4775013888031603,0.16300927906498205,13.053002834320068,GAT
79.0,2.484600067138672,0.5113535149162644,0.5266284103493406,0.47855070674649713,0.47855070674649713,0.16353651659376844,13.05306339263916,GAT
80.0,2.483741521835327,0.5118483412322274,0.526863317560992,0.479970372199247,0.479970372199247,0.16418615437734788,13.05312967300415,GAT
81.0,2.480438709259033,0.5124861173728021,0.5278700627537837,0.4815134868218011,0.4815134868218011,0.16520757671566952,13.053217887878418,GAT
82.0,2.4845125675201416,0.5135967275486304,0.5290445988120407,0.48155463654506925,0.48155463654506925,0.16572997711538612,13.053307056427002,GAT
83.0,2.472491979598999,0.5142125114084957,0.5296486459277157,0.4812254387589244,0.4812254387589244,0.16616405350304658,13.053410530090332,GAT
84.0,2.4741578102111816,0.5148282952683608,0.5296150877546226,0.4799497973376129,0.4799497973376129,0.16620329539832143,13.053486347198486,GAT
85.0,2.472928762435913,0.5155100559703544,0.5294472968891574,0.48019669567722156,0.48019669567722156,0.1667558271080824,13.05354118347168,GAT
86.0,2.462331771850586,0.515609021233547,0.5287090170811101,0.48054646832500053,0.48054646832500053,0.16668885119246996,13.053568363189697,GAT
87.0,2.4683446884155273,0.5160378707073817,0.5295144132353434,0.48211015780918876,0.48211015780918876,0.16772841971297936,13.053617477416992,GAT
88.0,2.4637856483459473,0.5165546893040542,0.5302526930433907,0.48344752381540235,0.48344752381540235,0.16845626023755042,13.05367660522461,GAT
89.0,2.465830087661743,0.51756633421669,0.5308231819859727,0.4830977511676234,0.4830977511676234,0.1687979653154771,13.053744792938232,GAT
90.0,2.4621331691741943,0.5181821180765551,0.5311923218899963,0.48274797851984447,0.48274797851984447,0.16920769191732749,13.05380916595459,GAT
91.0,2.4553897380828857,0.5184570215854235,0.53156146179402,0.48289200255128284,0.48289200255128284,0.16924766729331478,13.053844451904297,GAT
92.0,2.456676721572876,0.5185120022871972,0.5314943454478338,0.4838384461864494,0.4838384461864494,0.1690355679487449,13.053872108459473,GAT
93.0,2.4501521587371826,0.5188198942171298,0.5323332997751602,0.4856490340102463,0.4856490340102463,0.16931736744656317,13.053891658782959,GAT
94.0,2.4480068683624268,0.5194246819366403,0.532803114198463,0.48700697487809397,0.48700697487809397,0.16989109938796892,13.053922176361084,GAT
95.0,2.453139305114746,0.5200734542175697,0.533340044967952,0.4873155978026048,0.4873155978026048,0.1704591592641977,13.053955554962158,GAT
96.0,2.445624351501465,0.5202383963228907,0.533340044967952,0.4863691541674382,0.4863691541674382,0.17075697969857573,13.053996086120605,GAT
97.0,2.451249361038208,0.5203483577264381,0.5332729286217658,0.4857313334567825,0.4857313334567825,0.170679184331107,13.054047584533691,GAT
98.0,2.4417614936828613,0.5216459022882968,0.5334407194872312,0.48579305804168466,0.48579305804168466,0.17197840387960675,13.054118156433105,GAT
99.0,2.451225996017456,0.5230314159729935,0.5342796738145575,0.4859576569347571,0.4859576569347571,0.17257359078517198,13.054194450378418,GAT
100.0,2.4457898139953613,0.5239550917627913,0.5352864190073492,0.4869246754315577,0.4869246754315577,0.17386434956927194,13.054247856140137,GAT
101.0,2.440351724624634,0.5240760493066934,0.5352528608342562,0.48787111906672426,0.48787111906672426,0.17416553960905284,13.054261207580566,GAT
102.0,2.430138349533081,0.524010072464565,0.5350179536226047,0.4878093944818221,0.4878093944818221,0.17401131768882666,13.054273128509521,GAT
103.0,2.433637857437134,0.5239880801838555,0.5353870935266284,0.4884677900541119,0.4884677900541119,0.17451430215245786,13.054278373718262,GAT
104.0,2.4360125064849854,0.5237901496574703,0.5350179536226047,0.4880151430981627,0.4880151430981627,0.1742249134904827,13.054252624511719,GAT
105.0,2.4332380294799805,0.5240210686049197,0.5349508372764187,0.4883649157459416,0.4883649157459416,0.17447195727301615,13.054238319396973,GAT
106.0,2.4276299476623535,0.5244829064998185,0.5357897916037451,0.48867353867045243,0.48867353867045243,0.17477999543883452,13.054238319396973,GAT
107.0,2.4251465797424316,0.5245048987805281,0.5359575824692103,0.488879287286793,0.488879287286793,0.17511773220654592,13.054244041442871,GAT
108.0,2.427395820617676,0.5243619489559165,0.5362596060270479,0.48894101187169514,0.48894101187169514,0.17510450953279127,13.054251670837402,GAT
109.0,2.4328038692474365,0.5244279257980449,0.535722675257559,0.48885871242515894,0.48885871242515894,0.1749204515283868,13.05423641204834,GAT
110.0,2.4203083515167236,0.5239770840435007,0.535756233430652,0.48861181408555027,0.48861181408555027,0.17501180222268717,13.054195404052734,GAT
111.0,2.41985821723938,0.5243509528155618,0.5363938387194201,0.4887352632553546,0.4887352632553546,0.1754007469188713,13.054185390472412,GAT
112.0,2.4275760650634766,0.5251096865000385,0.5364945132386992,0.48959940744398495,0.48959940744398495,0.1757085851247334,13.054173469543457,GAT
113.0,2.4210758209228516,0.5255605282545827,0.5367965367965368,0.49112194720490504,0.49112194720490504,0.1763560185761319,13.054155826568604,GAT
114.0,2.428593873977661,0.5260223661494815,0.5378703983355146,0.4925416126576549,0.4925416126576549,0.17660091066880973,13.05414342880249,GAT
115.0,2.421224355697632,0.526627153868992,0.5384744454511896,0.4929942596136041,0.4929942596136041,0.1768262466312222,13.054155349731445,GAT
116.0,2.416963815689087,0.5268140882550225,0.5390449343937717,0.4924798880727527,0.4924798880727527,0.176934644038113,13.054173469543457,GAT
117.0,2.4179255962371826,0.5268250843953772,0.539279841605423,0.4927267864123614,0.4927267864123614,0.17724785407165572,13.054182052612305,GAT
118.0,2.4206719398498535,0.5264952001847352,0.5390784925668647,0.4928913853054338,0.4928913853054338,0.17728086999684176,13.054186820983887,GAT
119.0,2.4122345447540283,0.5265391847461541,0.5390449343937717,0.4933646071230171,0.4933646071230171,0.1773745454796718,13.054229736328125,GAT
120.0,2.416611433029175,0.5257694549213227,0.5386086781435618,0.4945167993745242,0.4945167993745242,0.1778482960735115,13.054256916046143,GAT
121.0,2.418583631515503,0.5255825205352921,0.5380717473740729,0.49439335020471986,0.49439335020471986,0.17757104908711743,13.054283142089844,GAT
122.0,2.412835121154785,0.5261763121144478,0.5377361656431424,0.4924798880727527,0.4924798880727527,0.17765576714927087,13.054315567016602,GAT
123.0,2.4146499633789062,0.5274518643955971,0.5379375146817007,0.49097792317346667,0.49097792317346667,0.17844619618942886,13.054380416870117,GAT
124.0,2.407752752304077,0.5283095633432665,0.5379039565086077,0.4904018270477131,0.4904018270477131,0.17889437549256132,13.054405689239502,GAT
125.0,2.4141929149627686,0.5281446212379455,0.5377361656431424,0.4906487253873218,0.4906487253873218,0.17861180233916868,13.054403305053711,GAT
126.0,2.409217119216919,0.5275728219394993,0.5382059800664452,0.4920683908400716,0.4920683908400716,0.17823036556712607,13.054368495941162,GAT
127.0,2.403228282928467,0.5266491461497015,0.5388100271821202,0.49357035573935765,0.49357035573935765,0.1774085977871777,13.054326057434082,GAT
128.0,2.4018394947052,0.5264402194829615,0.5389442598744925,0.4941464518651112,0.4941464518651112,0.17759966611904665,13.054279804229736,GAT
129.0,2.4106688499450684,0.5271439724656646,0.539279841605423,0.49466082340596257,0.49466082340596257,0.17788938043171795,13.054285526275635,GAT
130.0,2.4017064571380615,0.5283425517643308,0.5391120507399577,0.49422875131164745,0.49422875131164745,0.1792496062734989,13.054308891296387,GAT
131.0,2.397510528564453,0.5293212082559022,0.5395483069901674,0.4933646071230171,0.4933646071230171,0.18024587081024873,13.054322242736816,GAT
132.0,2.3928959369659424,0.5295191387822874,0.539883888721098,0.49311770878340844,0.49311770878340844,0.18076396083962054,13.05431079864502,GAT
133.0,2.3979737758636475,0.5292222429927096,0.5397160978556328,0.4935497808777236,0.4935497808777236,0.18064747254361804,13.05425214767456,GAT
134.0,2.3978378772735596,0.5282985672029118,0.5396154233363536,0.4937966792173323,0.4937966792173323,0.18030061318174218,13.054197788238525,GAT
135.0,2.4084954261779785,0.5276937794834013,0.5399174468941911,0.4943522004814518,0.4943522004814518,0.17930508134668277,13.0541672706604,GAT
136.0,2.393955707550049,0.5280016714133339,0.5401187959327495,0.49501059605374154,0.49501059605374154,0.17886225944665674,13.054136276245117,GAT
137.0,2.3996694087982178,0.5280676482554624,0.5401187959327495,0.49511347036191183,0.49511347036191183,0.17941451481995568,13.05409049987793,GAT
138.0,2.3967931270599365,0.5284635093082328,0.5399845632403772,0.49490772174557124,0.49490772174557124,0.17964406694989657,13.054054260253906,GAT
139.0,2.3933117389678955,0.5287604050978106,0.5397832142018189,0.49412587700347715,0.49412587700347715,0.17944289319645196,13.054028987884521,GAT
140.0,2.39202880859375,0.529497146501578,0.539850330548005,0.4939612781104047,0.4939612781104047,0.18073418291428728,13.054035663604736,GAT
141.0,2.3931171894073486,0.5294641580805137,0.5397496560287258,0.4947019731292307,0.4947019731292307,0.18139816197970213,13.054037094116211,GAT
142.0,2.390568971633911,0.5293102121155474,0.5395147488170744,0.4955249675945929,0.4955249675945929,0.18160019732331975,13.053979873657227,GAT
143.0,2.3849122524261475,0.5293102121155474,0.540487935836773,0.49593646482727405,0.49593646482727405,0.18128470205407504,13.053920269012451,GAT
144.0,2.3944098949432373,0.5293981812383853,0.5408906339138897,0.4958747402423719,0.4958747402423719,0.18262963458441303,13.053862571716309,GAT
145.0,2.3907711505889893,0.5297940422911558,0.54045437766368,0.49542209328642267,0.49542209328642267,0.1824222999503004,13.053866863250732,GAT
146.0,2.3819587230682373,0.5298050384315105,0.5401187959327495,0.4949900211921075,0.4949900211921075,0.18254453089605177,13.053893089294434,GAT
147.0,2.3854939937591553,0.5303878338703115,0.5405550521829592,0.49466082340596257,0.49466082340596257,0.18202234583360047,13.053942680358887,GAT
148.0,2.382383108139038,0.5305527759756326,0.5400852377596563,0.49519576980844804,0.49519576980844804,0.18244039194091038,13.053970336914062,GAT
149.0,2.384871244430542,0.5303878338703115,0.5407899593946106,0.49612163858198055,0.49612163858198055,0.18215472427993182,13.053965091705322,GAT
150.0,2.3865625858306885,0.5297170693086727,0.5413604483371925,0.4972326811102195,0.4972326811102195,0.1822843001653363,13.053924560546875,GAT
151.0,2.3848822116851807,0.5298380268525748,0.5417967045874023,0.4982614241919223,0.4982614241919223,0.18249196645526305,13.05387020111084,GAT
152.0,2.3888485431671143,0.5299589843964768,0.5422665190107051,0.4980762504372158,0.4980762504372158,0.18272848208153883,13.05378246307373,GAT
153.0,2.375624656677246,0.5299479882561221,0.541595355548844,0.4974384297265601,0.4974384297265601,0.18302111643804633,13.05371379852295,GAT
154.0,2.376983165740967,0.5295301349226421,0.5405214940098662,0.4958747402423719,0.4958747402423719,0.1827031334206353,13.053683280944824,GAT
155.0,2.3770804405212402,0.5296071079051253,0.5405214940098662,0.4955866921794951,0.4955866921794951,0.1828692402268989,13.053709983825684,GAT
156.0,2.382925033569336,0.5300689458000242,0.5403872613174939,0.4963273871983211,0.4963273871983211,0.18328034301550153,13.053730487823486,GAT
157.0,2.3803861141204834,0.5304208222913758,0.5414275646833786,0.49745900458819414,0.49745900458819414,0.18376713423432486,13.053723812103271,GAT
158.0,2.3809051513671875,0.5305417798352778,0.5420651699721467,0.49774705265107094,0.49774705265107094,0.18371026273927052,13.05372667312622,GAT
159.0,2.368323564529419,0.5299809766771864,0.5414946810295648,0.49702693249387897,0.49702693249387897,0.18293451740380529,13.053682327270508,GAT
160.0,2.3664515018463135,0.529871015273639,0.5412262156448203,0.4971092319404152,0.4971092319404152,0.18323037496695066,13.053643226623535,GAT
161.0,2.3776776790618896,0.5302118956246358,0.5412262156448203,0.4965537106762957,0.4965537106762957,0.18322394246352908,13.053655624389648,GAT
162.0,2.3770065307617188,0.5310695945723051,0.5419309372797745,0.4972121062485855,0.4972121062485855,0.18380718849394576,13.053661346435547,GAT
163.0,2.3645424842834473,0.5316084054496871,0.542837007953287,0.4978499269592412,0.4978499269592412,0.18406146129344136,13.05367136001587,GAT
164.0,2.3707566261291504,0.5315974093093324,0.5436088459344274,0.49902269407238237,0.49902269407238237,0.1842825753900808,13.053680419921875,GAT
165.0,2.3708155155181885,0.5318063359760724,0.5433068223765898,0.4998662633993786,0.4998662633993786,0.1846698272150325,13.053700923919678,GAT
166.0,2.375138282775879,0.5313005135197546,0.5436759622806134,0.4999279879842808,0.4999279879842808,0.18398901280417151,13.053722381591797,GAT
167.0,2.367110252380371,0.5314434633443661,0.5432061478573107,0.4994753410283316,0.4994753410283316,0.1839757441285636,13.053750038146973,GAT
168.0,2.3695554733276367,0.531575417028623,0.543373938722776,0.49931074213525917,0.49931074213525917,0.18429289704873913,13.053708553314209,GAT
169.0,2.369004011154175,0.5318173321164271,0.5429712406456593,0.4982614241919223,0.4982614241919223,0.18414202188355308,13.053660869598389,GAT
170.0,2.369473934173584,0.5318173321164271,0.5424007517030773,0.4972326811102195,0.4972326811102195,0.184468005830414,13.053629398345947,GAT
171.0,2.3699936866760254,0.5317183668532345,0.5419644954528675,0.4968829084624406,0.4968829084624406,0.1844355414505992,13.053624629974365,GAT
172.0,2.369677782058716,0.5320812394849408,0.5424007517030773,0.4976030286196325,0.4976030286196325,0.18461965495020466,13.053679943084717,GAT
173.0,2.3738603591918945,0.5313444980811735,0.5431054733380315,0.49865234656296936,0.49865234656296936,0.18449259713803676,13.053727626800537,GAT
174.0,2.368934154510498,0.5305087914142136,0.5424678680492634,0.4995782153365019,0.4995782153365019,0.18379505150820213,13.053788661956787,GAT
175.0,2.3666181564331055,0.5310476022915956,0.542803449780194,0.5003189103553278,0.5003189103553278,0.1850223599331418,13.053848266601562,GAT
176.0,2.364464282989502,0.5315974093093324,0.543407496895869,0.4998662633993786,0.4998662633993786,0.18585141412620515,13.053830623626709,GAT
177.0,2.376396417617798,0.5324661043973565,0.5440786603577301,0.49982511367611054,0.49982511367611054,0.1863940528924169,13.053823947906494,GAT
178.0,2.3657889366149902,0.532905950011546,0.5432732642034968,0.4979939509906796,0.4979939509906796,0.18582704842233194,13.053780555725098,GAT
179.0,2.35870361328125,0.5327739963272892,0.5430719151649385,0.4983231487768245,0.4983231487768245,0.18576283640622018,13.053743362426758,GAT
180.0,2.360680103302002,0.5325760658009039,0.541595355548844,0.4979733761290455,0.4979733761290455,0.18527736001623665,13.053762435913086,GAT
181.0,2.3632800579071045,0.5316194015900418,0.5423336353568912,0.4990638437956505,0.4990638437956505,0.18448710338531896,13.053773880004883,GAT
182.0,2.356849193572998,0.5311025829933693,0.542837007953287,0.5010596053741538,0.5010596053741538,0.18530643155145254,13.05384635925293,GAT
183.0,2.3550281524658203,0.5302778724667642,0.5431725896842176,0.5018208752546139,0.5018208752546139,0.1856759435433847,13.053875923156738,GAT
184.0,2.3557276725769043,0.5306187528177609,0.543373938722776,0.5010184556508858,0.5010184556508858,0.1854914378455003,13.053915023803711,GAT
185.0,2.35966157913208,0.5315094401864945,0.5432061478573107,0.4999691377075489,0.4999691377075489,0.18639176306511812,13.05393934249878,GAT
186.0,2.3533413410186768,0.5326090542219681,0.5440451021846371,0.49945476616669754,0.49945476616669754,0.18636823266197639,13.053915977478027,GAT
187.0,2.362499713897705,0.5330928843975764,0.5444142420886607,0.49900211921074833,0.49900211921074833,0.18546548955294928,13.053873538970947,GAT
188.0,2.358072519302368,0.5323891314148734,0.5439108694922649,0.4988580951793099,0.4988580951793099,0.18490814211822446,13.053807258605957,GAT
189.0,2.361090898513794,0.5307617026423725,0.5432397060304037,0.4998662633993786,0.4998662633993786,0.18431840422992565,13.053740501403809,GAT
190.0,2.356405258178711,0.5304428145720852,0.5429712406456593,0.4997428142295743,0.4997428142295743,0.18422502807796629,13.053718566894531,GAT
191.0,2.3574509620666504,0.5315094401864945,0.5433068223765898,0.4992901672736251,0.4992901672736251,0.1842614349051754,13.053750038146973,GAT
192.0,2.3533270359039307,0.5330818882572217,0.5437766367998926,0.4995782153365019,0.4995782153365019,0.18486638623522963,13.053751945495605,GAT
193.0,2.356153964996338,0.5330818882572217,0.5435417295882412,0.49898154434911424,0.49898154434911424,0.18427390949439798,13.053709983825684,GAT
194.0,2.3523712158203125,0.5323671391341639,0.5437430786267996,0.4998868382610127,0.4998868382610127,0.1848228923293037,13.053684711456299,GAT
195.0,2.35014271736145,0.5318173321164271,0.5435752877613342,0.4999279879842808,0.4999279879842808,0.18524312092296827,13.053693771362305,GAT
196.0,2.3600337505340576,0.5317733475550082,0.5434746132420551,0.5002160360471576,0.5002160360471576,0.18549229245185297,13.053753852844238,GAT
197.0,2.35182785987854,0.5323231545727449,0.5439108694922649,0.49998971256918295,0.49998971256918295,0.1861588490356489,13.053818702697754,GAT
198.0,2.354703187942505,0.5322461815902618,0.5442800093962885,0.4998662633993786,0.4998662633993786,0.18648369285536842,13.053814888000488,GAT
199.0,2.347001552581787,0.5320812394849408,0.5434746132420551,0.49931074213525917,0.49931074213525917,0.18651527529387887,13.053812980651855,GAT
200.0,2.3555400371551514,0.5320702433445861,0.5426021007416356,0.49854947225479906,0.49854947225479906,0.18630407754017017,13.053802013397217,GAT
1.0,4.052333831787109,0.0779626351150746,0.152387664015571,0.22264057774211468,0.22264057774211468,0.02177678486872498,13.06114387512207,GAT+LM
2.0,3.755236864089966,0.14032174706677955,0.22131615154870968,0.2613418924757731,0.2613418924757731,0.029104398592173307,13.06082820892334,GAT+LM
3.0,3.6034324169158936,0.18197512673051758,0.08798952984999496,0.08155875151739604,0.08155875151739604,0.009280893100205032,13.060267448425293,GAT+LM
4.0,3.53993558883667,0.18217305725690283,0.08684855196483103,0.07993333744830566,0.07993333744830566,0.007997524039832228,13.059799194335938,GAT+LM
5.0,3.4899656772613525,0.20076753059676053,0.13678311352729958,0.13122646750200606,0.13122646750200606,0.012962584246435063,13.05947732925415,GAT+LM
6.0,3.4424610137939453,0.2657987046546662,0.2632303097419377,0.2240190934715964,0.2240190934715964,0.017449229089778917,13.05922794342041,GAT+LM
7.0,3.398979425430298,0.27576120781605656,0.2896070337930803,0.2526593008662017,0.2526593008662017,0.019036107351862487,13.059025287628174,GAT+LM
8.0,3.3716073036193848,0.2770367600972059,0.2928957347561999,0.2567948480546468,0.2567948480546468,0.019759643100931208,13.058815002441406,GAT+LM
9.0,3.3495771884918213,0.27692679869365855,0.2898083828316386,0.2535440199164661,0.2535440199164661,0.019438900907318056,13.05859899520874,GAT+LM
10.0,3.3067843914031982,0.27399082921894413,0.28202288667404946,0.2452935004012098,0.2452935004012098,0.018826905627613338,13.058401107788086,GAT+LM
11.0,3.275939464569092,0.2694824116735026,0.2712842712842713,0.23233133757175484,0.23233133757175484,0.018929462464014436,13.058257102966309,GAT+LM
12.0,3.257089376449585,0.26640349237417665,0.2631296352226585,0.22408081805649857,0.22408081805649857,0.01872068632919475,13.058204650878906,GAT+LM
13.0,3.2309646606445312,0.2674151372868123,0.26578073089701,0.226467502006049,0.226467502006049,0.019469659553168133,13.058265209197998,GAT+LM
14.0,3.206968069076538,0.27107685202493925,0.2743716232088325,0.23726930436392815,0.23726930436392815,0.019983966485711883,13.058420181274414,GAT+LM
15.0,3.1842284202575684,0.2754423197457692,0.2841706097520051,0.24827685533814786,0.24827685533814786,0.02141956883424819,13.058639526367188,GAT+LM
16.0,3.162079334259033,0.2785542274661594,0.290613778985872,0.2578030162747156,0.2578030162747156,0.023251654294151963,13.058899402618408,GAT+LM
17.0,3.135143995285034,0.28127027413377903,0.2955132722574583,0.265374565356048,0.265374565356048,0.025907134936878084,13.05915117263794,GAT+LM
18.0,3.1117799282073975,0.28426122431026707,0.2998422765864626,0.2706828796576343,0.2706828796576343,0.028937612690358015,13.059388160705566,GAT+LM
19.0,3.088766574859619,0.2867133636093731,0.3017886506258599,0.27376910890274264,0.27376910890274264,0.031108391086081655,13.059563636779785,GAT+LM
20.0,3.0670039653778076,0.28803290045194135,0.30215779052988356,0.27306956360718476,0.27306956360718476,0.032718900293897936,13.059692859649658,GAT+LM
21.0,3.051126480102539,0.2893084527330907,0.30245981408772105,0.2729049647141123,0.2729049647141123,0.03452313979295309,13.05979585647583,GAT+LM
22.0,3.0298714637756348,0.2913647309794262,0.3033658847612336,0.2744275044750324,0.2744275044750324,0.03755256948424808,13.05988883972168,GAT+LM
23.0,3.007683515548706,0.2943336888752048,0.3067552602436323,0.2773491348270683,0.2773491348270683,0.043597371877365385,13.05997085571289,GAT+LM
24.0,2.9873459339141846,0.2997547860700894,0.3119903352461492,0.2835010184556509,0.2835010184556509,0.05114385059478781,13.060049533843994,GAT+LM
25.0,2.9692296981811523,0.30799089519578626,0.31870196986476057,0.29220418492685635,0.29220418492685635,0.05777966915456214,13.060113906860352,GAT+LM
26.0,2.9556808471679688,0.31805236362036926,0.32809825833081646,0.3025533403287863,0.3025533403287863,0.06547008429427427,13.06015682220459,GAT+LM
27.0,2.92500638961792,0.3283007664309827,0.33813215208564046,0.3118943275106475,0.3118943275106475,0.07159548288836781,13.060173988342285,GAT+LM
28.0,2.915367603302002,0.33667982538129115,0.34712574247457967,0.31773758821471926,0.31773758821471926,0.07668513702809399,13.060170650482178,GAT+LM
29.0,2.8993420600891113,0.3436073938047745,0.35296486459277154,0.3223875069440158,0.3223875069440158,0.0830770055056265,13.060156345367432,GAT+LM
30.0,2.877776622772217,0.34958929415775064,0.3574616597872412,0.3259469580067074,0.3259469580067074,0.08814355557921755,13.060118198394775,GAT+LM
31.0,2.8574984073638916,0.35474648398412156,0.3623611530588275,0.33049400242783367,0.33049400242783367,0.09483720321817492,13.060060024261475,GAT+LM
32.0,2.8435676097869873,0.3606074267931956,0.366790831907111,0.33510277143386213,0.33510277143386213,0.10012311964631697,13.059980392456055,GAT+LM
33.0,2.8271658420562744,0.3685686324100241,0.3729990939293265,0.3415632779869555,0.3415632779869555,0.10758776632800551,13.059876441955566,GAT+LM
34.0,2.8124160766601562,0.37679374539536625,0.38054968287526425,0.34876447955887496,0.34876447955887496,0.1156519203988718,13.05974292755127,GAT+LM
35.0,2.800863027572632,0.38383127522239696,0.3884358535521326,0.3555130341748452,0.3555130341748452,0.12176290227258776,13.059582710266113,GAT+LM
36.0,2.782672643661499,0.39096777031262026,0.3958186516326051,0.36242618768388785,0.36242618768388785,0.12888650717200845,13.059394359588623,GAT+LM
37.0,2.768864154815674,0.39800530013965096,0.40232893721265817,0.36903071826841966,0.36903071826841966,0.13218581263165669,13.059167861938477,GAT+LM
38.0,2.7585506439208984,0.40334942435205245,0.4074297795228028,0.37370121185935024,0.37370121185935024,0.1371643039403089,13.058889865875244,GAT+LM
39.0,2.748270034790039,0.40574658294938476,0.40914124635054866,0.3764582433183137,0.3764582433183137,0.14154363397606046,13.058574199676514,GAT+LM
40.0,2.7290189266204834,0.40808876084494344,0.4112218530823182,0.37870090323642575,0.37870090323642575,0.14578859119638105,13.058255195617676,GAT+LM
41.0,2.718059539794922,0.413135989267767,0.4168931843350448,0.3819928810978746,0.3819928810978746,0.15262814561978016,13.057951927185059,GAT+LM
42.0,2.706702470779419,0.4194917583928041,0.4238732843384006,0.3869719976133161,0.3869719976133161,0.15787672378771905,13.057677745819092,GAT+LM
43.0,2.6922152042388916,0.42551764330719916,0.43078626799557035,0.39174536551241695,0.39174536551241695,0.16284078958960627,13.057423114776611,GAT+LM
44.0,2.6801576614379883,0.42858556646617035,0.43420920165106214,0.3948521696191593,0.3948521696191593,0.16531350114328658,13.057176113128662,GAT+LM
45.0,2.666414499282837,0.4324232194499731,0.43759857713346084,0.3984733452667531,0.3984733452667531,0.17001066339412083,13.056952476501465,GAT+LM
46.0,2.6720118522644043,0.43505129699475487,0.43954495117285813,0.4008188794930354,0.4008188794930354,0.17473725645692167,13.056729316711426,GAT+LM
47.0,2.6534996032714844,0.43789929734663136,0.4433705829054666,0.4037199349834372,0.4037199349834372,0.1784537762912731,13.0565185546875,GAT+LM
48.0,2.6490392684936523,0.4411431587512783,0.4474311218497265,0.4062506429644261,0.4062506429644261,0.18269732265593003,13.056314468383789,GAT+LM
49.0,2.6318695545196533,0.44476088892798626,0.4514245444478003,0.4086990514988787,0.4086990514988787,0.18628084469747277,13.056101322174072,GAT+LM
50.0,2.626732349395752,0.4488294608592384,0.45484747810329207,0.4125671254860811,0.4125671254860811,0.1889299494052942,13.05587387084961,GAT+LM
51.0,2.629018783569336,0.4521392991060138,0.45820329541259774,0.4155299055613851,0.4155299055613851,0.19306861028786815,13.0556321144104,GAT+LM
52.0,2.6082077026367188,0.45519622612463023,0.4607872747407631,0.4172787688002798,0.4172787688002798,0.1971650756324313,13.055381298065186,GAT+LM
53.0,2.6035497188568115,0.4557240408616576,0.4620289271452062,0.4190070571775405,0.4190070571775405,0.1999685513427021,13.055099487304688,GAT+LM
54.0,2.5985095500946045,0.45693361630067847,0.4634719285882077,0.41958315330329404,0.41958315330329404,0.2017687855442359,13.054847717285156,GAT+LM
55.0,2.5943050384521484,0.45956169384546025,0.4640759757038827,0.42055017180009463,0.42055017180009463,0.20448259927310483,13.05465316772461,GAT+LM
56.0,2.581817150115967,0.4627945591097525,0.46635793147421056,0.4224636339320618,0.4224636339320618,0.20785514722963533,13.0545015335083,GAT+LM
57.0,2.578713893890381,0.46595045139156155,0.47075405214940097,0.4255704380388042,0.4255704380388042,0.21260511659655873,13.054346084594727,GAT+LM
58.0,2.576326370239258,0.467885772093995,0.473136682439008,0.42771022364874595,0.42771022364874595,0.21704081412304937,13.054168224334717,GAT+LM
59.0,2.565622091293335,0.4693482587611748,0.4749488237860331,0.430302656214637,0.430302656214637,0.2193257346186724,13.05396032333374,GAT+LM
60.0,2.5599496364593506,0.47112963349864195,0.4763247088828484,0.4322161183466041,0.4322161183466041,0.2218410815344855,13.05378532409668,GAT+LM
61.0,2.55359148979187,0.4740546068330016,0.47971408436524715,0.43505544925210377,0.43505544925210377,0.22375416986991353,13.05365514755249,GAT+LM
62.0,2.5478789806365967,0.47848605139596,0.48290211080908757,0.437359833755118,0.437359833755118,0.22583110935063405,13.053580284118652,GAT+LM
63.0,2.537595748901367,0.4805973103440692,0.48474781032920566,0.4382651276670164,0.4382651276670164,0.22854744603543323,13.053513526916504,GAT+LM
64.0,2.5391626358032227,0.480564321923005,0.4844793449444612,0.438100528773944,0.438100528773944,0.23105853467844054,13.053419589996338,GAT+LM
65.0,2.532229423522949,0.4802124454316535,0.4828685526359945,0.4361047671954406,0.4361047671954406,0.23258698330143585,13.05334186553955,GAT+LM
66.0,2.525099515914917,0.4800584994666872,0.48172757475083056,0.43503487439046973,0.43503487439046973,0.23341018996813284,13.053303718566895,GAT+LM
67.0,2.522020101547241,0.4825326310465027,0.48431155407899595,0.4381828282204802,0.4381828282204802,0.23660369055994906,13.053325176239014,GAT+LM
68.0,2.514991521835327,0.4862163380653391,0.49075472331286285,0.44344999279879843,0.44344999279879843,0.23926851812180638,13.053393363952637,GAT+LM
69.0,2.518834114074707,0.48870146578550927,0.4933722608141213,0.44779128860358414,0.44779128860358414,0.24144221507915012,13.053428649902344,GAT+LM
70.0,2.512831211090088,0.4894492033296313,0.49572133293063525,0.45069234409398595,0.45069234409398595,0.2435351217021408,13.053403854370117,GAT+LM
71.0,2.5082478523254395,0.4897351029788544,0.49555354206517,0.45157706314425033,0.45157706314425033,0.24453919605531302,13.053401947021484,GAT+LM
72.0,2.5070724487304688,0.49109862438284163,0.4960904728346589,0.4511038413266671,0.4511038413266671,0.24633961484501113,13.053442001342773,GAT+LM
73.0,2.504560947418213,0.49178038508483524,0.49642605456558947,0.4515564882826163,0.4515564882826163,0.24779244338324768,13.05348014831543,GAT+LM
74.0,2.4924728870391846,0.4927590415764067,0.4966274036041478,0.45198856037693147,0.45198856037693147,0.25067920389896153,13.05350923538208,GAT+LM
75.0,2.4931976795196533,0.49455141245422857,0.49884224302828956,0.4532230520749748,0.4532230520749748,0.25378727888495634,13.053571701049805,GAT+LM
76.0,2.4894044399261475,0.49576098789324946,0.4991778247592201,0.4549924901755036,0.4549924901755036,0.2550505354354399,13.053569793701172,GAT+LM
77.0,2.485595703125,0.4977622854378113,0.5023658512030605,0.4563298561817172,0.4563298561817172,0.25599160272810517,13.05357313156128,GAT+LM
78.0,2.474520683288574,0.49930174508747427,0.5050169468774119,0.4578112462193692,0.4578112462193692,0.25760471407523716,13.053590774536133,GAT+LM
79.0,2.471640110015869,0.5011820850881341,0.5068626463975301,0.45993045696767687,0.45993045696767687,0.25903437509429406,13.053628921508789,GAT+LM
80.0,2.466885566711426,0.500478332105431,0.5053525286083426,0.46102092463428185,0.46102092463428185,0.2598074357958889,13.053629398345947,GAT+LM
81.0,2.477397918701172,0.5000164942105321,0.5066612973589718,0.46207024257761864,0.46207024257761864,0.2615766914692007,13.053652286529541,GAT+LM
82.0,2.4683542251586914,0.5011820850881341,0.5064935064935064,0.4611237989424521,0.4611237989424521,0.26188641449516387,13.053760528564453,GAT+LM
83.0,2.4604153633117676,0.5037002012293685,0.5099835564951845,0.4611649486657202,0.4611649486657202,0.265842534366446,13.05390739440918,GAT+LM
84.0,2.4628429412841797,0.504425946492781,0.5098493238028122,0.46229656605559327,0.46229656605559327,0.2651794141592197,13.053988456726074,GAT+LM
85.0,2.463634490966797,0.5064382401776977,0.5120641632269539,0.4648272740365821,0.4648272740365821,0.26729909826216325,13.054080963134766,GAT+LM
86.0,2.4636170864105225,0.5055805412300283,0.5120641632269539,0.46581486739501676,0.46581486739501676,0.2682115573644099,13.05409288406372,GAT+LM
87.0,2.4558682441711426,0.5052506570193862,0.5107218363032316,0.46587659197991893,0.46587659197991893,0.2692901304388873,13.054077625274658,GAT+LM
88.0,2.457152843475342,0.5054925721071903,0.5098157656297191,0.46355163261527066,0.46355163261527066,0.2703743531572928,13.054092407226562,GAT+LM
89.0,2.4488439559936523,0.5072079700025292,0.5113594415919998,0.4628726621813468,0.4628726621813468,0.2713704955497146,13.054149627685547,GAT+LM
90.0,2.4495813846588135,0.5103638622843382,0.514513909862747,0.46569141822521243,0.46569141822521243,0.275574474383286,13.054217338562012,GAT+LM
91.0,2.445221424102783,0.5107487271967539,0.5168965401523541,0.4701150134765344,0.4701150134765344,0.275576846134446,13.054238319396973,GAT+LM
92.0,2.441328525543213,0.5089783485996415,0.5176012617873083,0.4733658416147151,0.4733658416147151,0.2753270296883979,13.054206848144531,GAT+LM
93.0,2.4348344802856445,0.5091103022838983,0.5176348199604014,0.4739419377404687,0.4739419377404687,0.27521025585030384,13.05423355102539,GAT+LM
94.0,2.430406332015991,0.5103198777229192,0.5170643310178193,0.47233709853301237,0.47233709853301237,0.27695388920219555,13.054290294647217,GAT+LM
95.0,2.4368896484375,0.5137616696539514,0.5188093560186583,0.4725428471493529,0.4725428471493529,0.28144532663984306,13.054377555847168,GAT+LM
96.0,2.432542562484741,0.514861283689425,0.5204537065002182,0.47359216509268975,0.47359216509268975,0.28349727032393995,13.05440092086792,GAT+LM
97.0,2.4348645210266113,0.514278488250624,0.5190442632303097,0.47322181758327675,0.47322181758327675,0.2839635538232749,13.054372787475586,GAT+LM
98.0,2.4335696697235107,0.5130909050923126,0.5185073324608208,0.4748678065140012,0.4748678065140012,0.2836789760387217,13.05431079864502,GAT+LM
99.0,2.418436050415039,0.5132558471976336,0.5208564045773348,0.47719276587864945,0.47719276587864945,0.28190750734634207,13.05429220199585,GAT+LM
100.0,2.425424098968506,0.5153121254439692,0.5225678714050807,0.4785301318848631,0.4785301318848631,0.2826521470745186,13.054327487945557,GAT+LM
101.0,2.429762363433838,0.5177862570237847,0.5245813617906642,0.479250252042055,0.479250252042055,0.28569492077426484,13.054378986358643,GAT+LM
102.0,2.417867660522461,0.5188308903574845,0.5234068257324072,0.47721334074028354,0.47721334074028354,0.28780707440674735,13.054441452026367,GAT+LM
103.0,2.4231460094451904,0.5167196314093753,0.5214604516930098,0.47503240540707364,0.47503240540707364,0.2876536738570905,13.054443359375,GAT+LM
104.0,2.415276527404785,0.5147403261455229,0.5196147521728917,0.4757113758409975,0.4757113758409975,0.287506708078283,13.054399490356445,GAT+LM
105.0,2.414175271987915,0.5158839247424154,0.5219973824624987,0.47807748492891383,0.47807748492891383,0.28701219804935485,13.054367065429688,GAT+LM
106.0,2.4104537963867188,0.5193806973752213,0.5264606194838753,0.4807933666646092,0.4807933666646092,0.2898377700065839,13.054378509521484,GAT+LM
107.0,2.4142298698425293,0.521140079831979,0.5282056444847143,0.4821307326708228,0.4821307326708228,0.29372380827397226,13.054359436035156,GAT+LM
108.0,2.4113636016845703,0.5211070914109147,0.5267290848686198,0.48173981029977575,0.48173981029977575,0.29429606781746964,13.054318904876709,GAT+LM
109.0,2.4118478298187256,0.5202383963228907,0.5267962012148059,0.48011439623068536,0.48011439623068536,0.29306748691605866,13.054312705993652,GAT+LM
110.0,2.404024362564087,0.5190728054452887,0.5254874324641766,0.47992922247597886,0.47992922247597886,0.29181918172770943,13.054317474365234,GAT+LM
111.0,2.409993886947632,0.519391693515576,0.5267626430417128,0.48182210974631196,0.48182210974631196,0.2934959412151283,13.054359436035156,GAT+LM
112.0,2.4048352241516113,0.5210631068494959,0.5290110406389477,0.4839207456329856,0.4839207456329856,0.2935162548451258,13.054470539093018,GAT+LM
113.0,2.400667905807495,0.5223826436920641,0.5311252055438102,0.4851140876077608,0.4851140876077608,0.2949145765935251,13.054559707641602,GAT+LM
114.0,2.405851364135742,0.523174365797605,0.5309238565052519,0.4838384461864494,0.4838384461864494,0.2955848983221102,13.054624080657959,GAT+LM
115.0,2.390573740005493,0.5220857479024862,0.5294808550622504,0.48379729646318126,0.48379729646318126,0.29551536371936304,13.054617881774902,GAT+LM
116.0,2.3963663578033447,0.5226685433412872,0.5302191348702977,0.4851346624693949,0.4851346624693949,0.29643439951209044,13.054612159729004,GAT+LM
117.0,2.398705005645752,0.5237351689556965,0.5326688815060908,0.48715099890953234,0.48715099890953234,0.2982967035496838,13.054579734802246,GAT+LM
118.0,2.3914480209350586,0.5246808370262038,0.5331051377563005,0.4884677900541119,0.4884677900541119,0.3004431715063434,13.05459976196289,GAT+LM
119.0,2.387108325958252,0.5250217173772006,0.5316621363132991,0.4875624961422134,0.4875624961422134,0.3008521575915158,13.054613590240479,GAT+LM
120.0,2.393657684326172,0.5252416401842953,0.530454042081949,0.48488776412978624,0.48488776412978624,0.3016235731439955,13.054623126983643,GAT+LM
121.0,2.3969318866729736,0.5257474626406131,0.5296150877546226,0.4852786865008333,0.4852786865008333,0.303424142090161,13.054645538330078,GAT+LM
122.0,2.3844287395477295,0.525549532114228,0.5310580891976241,0.4869864000164599,0.4869864000164599,0.30456032054077314,13.054665088653564,GAT+LM
123.0,2.384726047515869,0.5246808370262038,0.5314607872747408,0.4857724831800506,0.4857724831800506,0.30333578232805203,13.054715633392334,GAT+LM
124.0,2.387982130050659,0.5244169296576902,0.5313936709285546,0.48579305804168466,0.48579305804168466,0.303153392300942,13.054780006408691,GAT+LM
125.0,2.3799242973327637,0.5246148601840754,0.5314943454478338,0.48589593234985495,0.48589593234985495,0.3038575541403169,13.054828643798828,GAT+LM
126.0,2.38273286819458,0.5261873082548025,0.5323332997751602,0.4871098491862642,0.4871098491862642,0.3047009138053137,13.054843425750732,GAT+LM
127.0,2.3806045055389404,0.5265721731672183,0.5325346488137186,0.48826204143777135,0.48826204143777135,0.30550736822005115,13.0548095703125,GAT+LM
128.0,2.385213851928711,0.5277157717641108,0.533340044967952,0.4871304240478983,0.4871304240478983,0.30581478716963295,13.05484390258789,GAT+LM
129.0,2.384692430496216,0.5264622117636709,0.5313601127554616,0.48630742958253603,0.48630742958253603,0.3053085329449041,13.054859161376953,GAT+LM
130.0,2.3740315437316895,0.5265831693075731,0.5311252055438102,0.48760364586548155,0.48760364586548155,0.307074398742036,13.05484676361084,GAT+LM
131.0,2.3846611976623535,0.5281886057993644,0.5334742776603242,0.48922905993457194,0.48922905993457194,0.30878468644926144,13.054866790771484,GAT+LM
132.0,2.3723366260528564,0.5291012854488075,0.534581697372395,0.4898257309219595,0.4898257309219595,0.30946125910309574,13.054890632629395,GAT+LM
133.0,2.3704400062561035,0.5285294861503612,0.5339776502567201,0.48879698784025677,0.48879698784025677,0.3085544657506923,13.054897785186768,GAT+LM
134.0,2.3713014125823975,0.5274078798341783,0.5335749521796034,0.4891879102113038,0.4891879102113038,0.30768352672837723,13.054891586303711,GAT+LM
135.0,2.3723506927490234,0.5279246984308508,0.5348837209302325,0.49075159969549204,0.49075159969549204,0.30850574150548565,13.054930686950684,GAT+LM
136.0,2.3773691654205322,0.5298600191332842,0.5366287459310715,0.4910807974816369,0.4910807974816369,0.30893742417623543,13.054983139038086,GAT+LM
137.0,2.3768351078033447,0.5315204363268493,0.5380717473740729,0.4916980433306586,0.4916980433306586,0.3097038769594929,13.0549955368042,GAT+LM
138.0,2.363065004348755,0.5300029689578958,0.536326722373234,0.4921506902866078,0.4921506902866078,0.3103337481673408,13.054905891418457,GAT+LM
139.0,2.372032880783081,0.5294311696594496,0.535722675257559,0.49227413945641213,0.49227413945641213,0.31032630341429074,13.054844856262207,GAT+LM
140.0,2.3650243282318115,0.5307946910634367,0.5372999093929326,0.4914511449910499,0.4914511449910499,0.3100389269255119,13.054869174957275,GAT+LM
141.0,2.3688912391662598,0.530948637028403,0.5370314440081881,0.49213011542497376,0.49213011542497376,0.310425727793442,13.054928302764893,GAT+LM
142.0,2.364875555038452,0.5303768377299568,0.5362596060270479,0.4927062115507273,0.4927062115507273,0.31089329236356733,13.0549898147583,GAT+LM
143.0,2.368018388748169,0.5293432005366117,0.5348837209302325,0.49250046293438676,0.49250046293438676,0.31089387585087974,13.054990768432617,GAT+LM
144.0,2.3590712547302246,0.5296730847472537,0.5356891170844659,0.49186264222373105,0.49186264222373105,0.31128007670305036,13.054986953735352,GAT+LM
145.0,2.3650145530700684,0.52940917737874,0.5346823718916742,0.4898874555068617,0.4898874555068617,0.31111346602151796,13.054962635040283,GAT+LM
146.0,2.3665883541107178,0.5300909380807337,0.5350850699687909,0.4895788325823509,0.4895788325823509,0.31260616632431926,13.05492115020752,GAT+LM
147.0,2.3610785007476807,0.5312235405372714,0.5361589315077687,0.49013435384647036,0.49013435384647036,0.3127758393259297,13.054871559143066,GAT+LM
148.0,2.354102849960327,0.5305967605370515,0.535756233430652,0.4921918400098759,0.4921918400098759,0.3131124382501668,13.054790496826172,GAT+LM
149.0,2.3648312091827393,0.5305307836949231,0.535152186314977,0.4920272411168035,0.4920272411168035,0.31326541904046945,13.05474328994751,GAT+LM
150.0,2.3537180423736572,0.5313554942215283,0.5363938387194201,0.4920683908400716,0.4920683908400716,0.3145854440517951,13.05474853515625,GAT+LM
151.0,2.35559344291687,0.5327520040465796,0.5377361656431424,0.4922535645947781,0.4922535645947781,0.3155956733740098,13.05477523803711,GAT+LM
152.0,2.3550636768341064,0.5331258728186407,0.5388100271821202,0.49441392506635395,0.49441392506635395,0.3162266386948789,13.054804801940918,GAT+LM
153.0,2.3559231758117676,0.5318723128182008,0.5390113762206785,0.4959776145505421,0.4959776145505421,0.3147149869462492,13.05482530593872,GAT+LM
154.0,2.357991933822632,0.5312345366776261,0.5376019329507702,0.49546324300969075,0.49546324300969075,0.3138241916892845,13.054868221282959,GAT+LM
155.0,2.3539018630981445,0.5327190156255155,0.5390784925668647,0.4941053021418431,0.4941053021418431,0.31617346230323695,13.054935932159424,GAT+LM
156.0,2.356870651245117,0.5333787840467996,0.5395147488170744,0.49431105075818366,0.49431105075818366,0.31658595871577505,13.054901599884033,GAT+LM
157.0,2.353593349456787,0.5329389384326102,0.5394811906439814,0.4956072670411292,0.4956072670411292,0.31764988662982363,13.054859638214111,GAT+LM
158.0,2.349032163619995,0.5335657184328301,0.5395818651632606,0.4956895664876654,0.4956895664876654,0.3178967195090544,13.054869174957275,GAT+LM
159.0,2.3531203269958496,0.5346323440472395,0.5411255411255411,0.49700635763224493,0.49700635763224493,0.31729062002070657,13.054927825927734,GAT+LM
160.0,2.3475019931793213,0.534775293871851,0.5403537031444008,0.4956895664876654,0.4956895664876654,0.31659200657514824,13.05498218536377,GAT+LM
161.0,2.353209972381592,0.5335657184328301,0.5397160978556328,0.49663601012283193,0.49663601012283193,0.3164915835668446,13.054971694946289,GAT+LM
162.0,2.339491128921509,0.5325100889587755,0.5376690492969562,0.49523691953171617,0.49523691953171617,0.3173005056316688,13.05495834350586,GAT+LM
163.0,2.350351572036743,0.5344344135208542,0.5390784925668647,0.4941876015883793,0.4941876015883793,0.31890366654509694,13.05501937866211,GAT+LM
164.0,2.3444032669067383,0.5345333787840468,0.5391791670861439,0.4931794333683106,0.4931794333683106,0.3202251979547963,13.055074691772461,GAT+LM
165.0,2.3487372398376465,0.5345553710647563,0.5397496560287258,0.4942904758965496,0.4942904758965496,0.31890923874444105,13.055061340332031,GAT+LM
166.0,2.339055061340332,0.5330598959765123,0.5389778180475855,0.4965125609530276,0.4965125609530276,0.31979617577249186,13.055010795593262,GAT+LM
167.0,2.344419479370117,0.5335437261521206,0.5396489815094466,0.49712980680204927,0.49712980680204927,0.3191343825887467,13.055052280426025,GAT+LM
168.0,2.3516368865966797,0.5347093170297226,0.5389778180475855,0.49527806925498424,0.49527806925498424,0.3200255021646538,13.055150985717773,GAT+LM
169.0,2.3440940380096436,0.5361278191354835,0.538709352662841,0.493714379770796,0.493714379770796,0.3218907302721909,13.055261135101318,GAT+LM
170.0,2.340242862701416,0.5357759426441319,0.5384744454511896,0.4942699010349155,0.4942699010349155,0.3206412626741617,13.055262565612793,GAT+LM
171.0,2.336743116378784,0.5357979349248414,0.5403537031444008,0.4962450877517849,0.4962450877517849,0.3188810710309299,13.0552077293396,GAT+LM
172.0,2.3470957279205322,0.5345333787840468,0.54045437766368,0.4976853280661688,0.4976853280661688,0.3177520892662634,13.055154800415039,GAT+LM
173.0,2.344115734100342,0.5345003903629826,0.539850330548005,0.49620393802851676,0.49620393802851676,0.31890556869824405,13.055186748504639,GAT+LM
174.0,2.3382294178009033,0.5348412707139794,0.5392127252592369,0.493714379770796,0.493714379770796,0.3204890467397187,13.055260181427002,GAT+LM
175.0,2.338928461074829,0.5368755566796054,0.5397496560287258,0.49394070324877065,0.49394070324877065,0.32378414511983583,13.05533504486084,GAT+LM
176.0,2.337188959121704,0.5350721896614289,0.539850330548005,0.49620393802851676,0.49620393802851676,0.3227880037830221,13.0553560256958,GAT+LM
177.0,2.3385438919067383,0.53419249843305,0.5403201449713078,0.49828199905355636,0.49828199905355636,0.320280678417571,13.05535078048706,GAT+LM
178.0,2.337857723236084,0.535105178082493,0.54045437766368,0.49686233360080656,0.49686233360080656,0.321173606022011,13.055354595184326,GAT+LM
179.0,2.3393797874450684,0.5377882363290485,0.5424007517030773,0.4955866921794951,0.4955866921794951,0.32205571289018997,13.055353164672852,GAT+LM
180.0,2.331472635269165,0.5371394640481191,0.5420316117990537,0.4983025739151904,0.4983025739151904,0.3207131308752196,13.055295467376709,GAT+LM
181.0,2.3331949710845947,0.5354900429949088,0.5423000771837981,0.49980453881447645,0.49980453881447645,0.3194774580594397,13.055253982543945,GAT+LM
182.0,2.3341197967529297,0.5353251008895877,0.5408235175677036,0.498878670040944,0.498878670040944,0.32215007291685327,13.055267810821533,GAT+LM
183.0,2.334855556488037,0.5367326068549939,0.5411926574717273,0.4980762504372158,0.4980762504372158,0.32399973453444053,13.055344581604004,GAT+LM
184.0,2.330751657485962,0.5378322208904674,0.5418638209335884,0.4977059029278028,0.4977059029278028,0.32471191848210756,13.055421352386475,GAT+LM
185.0,2.335472583770752,0.5365566686093182,0.5417295882412162,0.4983025739151904,0.4983025739151904,0.3256474016498677,13.05545711517334,GAT+LM
186.0,2.3249154090881348,0.5357869387844867,0.541595355548844,0.5006275332798387,0.5006275332798387,0.3248543554583578,13.055477619171143,GAT+LM
187.0,2.3246805667877197,0.5374583521184064,0.5428705661263801,0.501121329959056,0.501121329959056,0.32529142634459957,13.055493831634521,GAT+LM
188.0,2.325641632080078,0.537018506504217,0.5414275646833786,0.4980351007139477,0.4980351007139477,0.32381754178388605,13.05545949935913,GAT+LM
189.0,2.323763847351074,0.535149162643912,0.5394476324708883,0.49527806925498424,0.49527806925498424,0.3229864706982793,13.055388450622559,GAT+LM
190.0,2.3359553813934326,0.5358529156266151,0.5403537031444008,0.4957101413492994,0.4957101413492994,0.32410472846560234,13.055331230163574,GAT+LM
191.0,2.3274264335632324,0.5389428310662957,0.543407496895869,0.497767627512705,0.497767627512705,0.32591567268829513,13.055328369140625,GAT+LM
192.0,2.3236382007598877,0.5367545991357033,0.5416960300681231,0.49828199905355636,0.49828199905355636,0.3251544781048496,13.055304050445557,GAT+LM
193.0,2.322974920272827,0.5338846065031174,0.539279841605423,0.49727383083348764,0.49727383083348764,0.32359202394016756,13.055317878723145,GAT+LM
194.0,2.3285348415374756,0.5359408847494529,0.5424343098761704,0.5005658086949365,0.5005658086949365,0.32549605155886524,13.055321216583252,GAT+LM
195.0,2.324463367462158,0.5398335184350294,0.5449847310312427,0.5008950064810814,0.5008950064810814,0.3301161685856511,13.055380821228027,GAT+LM
196.0,2.325782060623169,0.5401304142246072,0.5449511728581496,0.5000925868773533,0.5000925868773533,0.33041322948409046,13.05544376373291,GAT+LM
197.0,2.32767391204834,0.5359078963283888,0.5417631464143092,0.50038063494023,0.50038063494023,0.3274462563047963,13.05548620223999,GAT+LM
198.0,2.321263313293457,0.5344454096612089,0.5401187959327495,0.4999279879842808,0.4999279879842808,0.3257704146342258,13.055526733398438,GAT+LM
199.0,2.32137131690979,0.5377222594869201,0.5418973791066815,0.49937246672016133,0.49937246672016133,0.32810838641894635,13.055536270141602,GAT+LM
200.0,2.321945905685425,0.5411970398390165,0.5449511728581496,0.49891981976421207,0.49891981976421207,0.3314550929599762,13.055480003356934,GAT+LM
